outlet,wave,status,account_required,target_url,asset,copy_source,next_action,notes
GitHub Discussions,0,live,no,https://github.com/TerminallyLazy/Tree-Ring-Memory/discussions/27,none,discussion post,monitor replies,Launch announcement created.
Tree Ring Memory Cookbook repo,0,live,no,https://github.com/TerminallyLazy/tree-ring-memory-cookbook,assets/tree-ring-memory-banner.png,README.md and recipes,monitor stars issues and recipe feedback,Public companion repo with practical recipes launch demo script brand assets and discovery topics.
Homebrew tap,0,live,no,https://github.com/TerminallyLazy/homebrew-tree-ring,marketing/assets/homebrew-install-card-1200x675.png,Formula/tree-ring.rb,link from install docs and launch posts,macOS ARM64 formula audited and tested.
Crates.io packages,1,ready,yes,https://crates.io/,none,Cargo.toml,publish with owner-controlled crates.io token in order core -> sqlite -> cli,Package names returned no current cargo search matches. Core dry-run passes. SQLite and CLI manifests include publishable internal dependency versions and require core first.
Atom feed,0,live,no,https://terminallylazy.github.io/Tree-Ring-Memory/feed.xml,none,docs/feed.xml,watch Pages publish,Use for syndication and crawler discovery.
Hacker News Show HN,1,ready,yes,https://news.ycombinator.com/submit,marketing/assets/open-graph-1200x675.png,marketing/channel-playbook.md#hacker-news,post from verified maker account,Do not ask for upvotes.
X launch thread,1,ready,yes,https://x.com/home,marketing/assets/not-transcript-dump-card-1080x1080.png,marketing/channel-playbook.md#x,create profile and pin launch thread,Use TreeRingMemory handle if available.
YouTube demo,1,ready,yes,https://studio.youtube.com/,outputs/marketing/youtube-demo/tree-ring-memory-demo.mp4,marketing/youtube/,upload unlisted then publish,Custom thumbnail may require verification.
Reddit r/rust,2,ready,yes,https://www.reddit.com/r/rust/,marketing/assets/rust-article-card-1200x675.png,marketing/channel-playbook.md#rrust,read current rules then post if allowed,Prefer project/showcase thread if required.
Reddit r/LocalLLaMA,2,ready,yes,https://www.reddit.com/r/LocalLLaMA/,marketing/assets/reddit-link-card-1600x900.png,marketing/channel-playbook.md#rlocalllama,read current rules then post if allowed,Focus local-first and privacy.
Reddit r/opensource,2,ready,yes,https://www.reddit.com/r/opensource/,marketing/assets/reddit-link-card-1600x900.png,marketing/channel-playbook.md#ropensource,read current rules then post if allowed,Focus MIT and public repo.
Reddit r/commandline,2,queued,yes,https://www.reddit.com/r/commandline/,marketing/assets/reddit-link-card-1600x900.png,marketing/channel-playbook.md,prepare CLI-focused variant,Emphasize Rust CLI and TUI.
Reddit r/AI_Agents,2,queued,yes,https://www.reddit.com/r/AI_Agents/,marketing/assets/reddit-link-card-1600x900.png,marketing/channel-playbook.md,prepare adapter-focused variant,Check self-promotion policy.
Bluesky,2,ready,yes,https://bsky.app/,marketing/assets/social-square-logo-1080x1080.png,marketing/launch-kit.md#bluesky--mastodon,create profile and post launch note,Use repo link.
Mastodon Hachyderm,2,ready,yes,https://hachyderm.io/auth/sign_up,marketing/assets/social-square-logo-1080x1080.png,marketing/launch-kit.md#bluesky--mastodon,create profile and post launch note,Use developer audience instance.
LinkedIn page,3,ready,yes,https://www.linkedin.com/company/setup/new/,marketing/assets/homebrew-install-card-1200x675.png,marketing/launch-kit.md#linkedin,create page and post launch note,Owner admin verification required.
DEV Community,3,ready,yes,https://dev.to/enter,marketing/assets/rust-article-card-1200x675.png,marketing/channel-playbook.md#developer-blogs,publish explainer with canonical link,Use Markdown editor.
Hashnode,3,ready,yes,https://hashnode.com/onboard,marketing/assets/rust-article-card-1200x675.png,marketing/channel-playbook.md#developer-blogs,publish explainer mirror,Set canonical if available.
Medium,3,ready,yes,https://medium.com/,marketing/assets/not-transcript-dump-card-1080x1080.png,marketing/channel-playbook.md#developer-blogs,publish manifesto,Link to repo and feedback.
Substack,3,queued,yes,https://substack.com/signup,marketing/assets/social-square-banner-1080x1080.png,marketing/newsletter-pitches.md,create publication and first note,Use for release notes.
Product Hunt,4,hold,yes,https://www.producthunt.com/launch,marketing/assets/open-graph-1200x675.png,marketing/channel-playbook.md#product-hunt,wait for YouTube public URL,Coordinate launch day.
Rust This Week,3,ready,no,https://this-week-in-rust.org/,none,marketing/newsletter-pitches.md#rust-newsletter-pitch,submit project link,Use short Rust-focused pitch.
This Week in Rust draft PR,3,submitted,yes,https://github.com/rust-lang/this-week-in-rust/pull/8346,marketing/assets/twir-submission-card-1200x675.png,marketing/newsletter-pitches.md#this-week-in-rust-pr-snippet,monitor PR review and respond if editors request changes,Opened against issue 659 draft with Rust article link.
Awesome AI Agents lists,3,queued,depends,GitHub search,none,marketing/newsletter-pitches.md#directory-listing,identify active lists and open PRs,Use framework-agnostic wording.
Awesome Context Engineering PR #23,3,submitted,yes,https://github.com/jihoo-kim/awesome-context-engineering/pull/23,none,README.md,monitor maintainer response,Adds Tree Ring Memory to Long-term memory in a context-engineering library directory; PR is clean and reports no checks.
Meirtz Awesome Context Engineering PR #89,3,submitted,yes,https://github.com/Meirtz/Awesome-Context-Engineering/pull/89,none,README.md,monitor maintainer response,Adds Tree Ring Memory to Developer Tools with Context Engineering in a large survey directory; PR is clean and reports no checks.
Yzfly Awesome Context Engineering PR #20,3,submitted,yes,https://github.com/yzfly/awesome-context-engineering/pull/20,none,README.md and README_CN.md,monitor maintainer response,Adds Tree Ring Memory to Memory & Compression in English and Chinese context-engineering docs; PR is clean and reports no checks.
Rerewang Awesome Context Engineering PR #5,3,submitted,yes,https://github.com/rerewang/awesome-context-engineering/pull/5,none,README.md and README-CN.md,monitor maintainer response,Adds Tree Ring Memory to Development Tools in English and Chinese context-engineering docs; PR is mergeable and reports no checks.
Awesome AI SDKs PR #268,3,submitted,yes,https://github.com/e2b-dev/awesome-ai-sdks/pull/268,none,README.md,complete E2B CLA if owner accepts terms,Adds Tree Ring Memory to AI-agent SDK/tooling list; CLA check is currently error.
Alan Awesome Local-First PR #9,3,submitted,yes,https://github.com/alantriesagain/awesome-local-first/pull/9,none,README.md,monitor maintainer response,Adds Tree Ring Memory to Applications / Development Tools in a local-first software directory; PR is mergeable and reports no checks.
Zhongkechen Awesome Local-First PR #6,3,submitted,yes,https://github.com/zhongkechen/awesome-local-first/pull/6,none,README.md,monitor maintainer response,Adds Tree Ring Memory to Applications / Developer Tools in a local-first software directory; PR is mergeable and reports no checks.
Jan Awesome Local AI PR #133,3,submitted,yes,https://github.com/janhq/awesome-local-ai/pull/133,none,README.md,monitor maintainer response,Adds Tree Ring Memory to Developer tools in a local-AI directory near local-first and memory entries; duplicate PR code link and diff whitespace checks passed; PR is mergeable and reports no checks.
MSB Awesome Local AI PR #20,3,submitted,yes,https://github.com/msb-msb/awesome-local-ai/pull/20,none,README.md,monitor maintainer response,Adds Tree Ring Memory to AI Agents / Frameworks in a local AI directory; duplicate PR code link description-length and diff whitespace checks passed; PR is mergeable and reports no checks.
Ethicals Awesome Local AI PR #16,3,submitted,yes,https://github.com/ethicals7s/awesome-local-ai/pull/16,none,README.md,monitor maintainer response,Adds Tree Ring Memory to Agent Frameworks in a no-cloud local AI directory and updates visible counts; duplicate PR code link license activity and diff whitespace checks passed; PR is mergeable and reports no checks.
Castel Awesome Local AI PR #11,3,submitted,yes,https://github.com/CastelDazur/awesome-local-ai/pull/11,none,README.md,monitor maintainer response,Adds Tree Ring Memory to Orchestration & Agents in a local-AI directory; duplicate PR code link description-length license activity and diff whitespace checks passed; PR is mergeable and reports no checks.
Brethof Awesome Local AI PR #1,3,submitted,yes,https://github.com/BrethofAI/awesome-local-ai/pull/1,none,README.md and entries/tree-ring-memory.yaml,monitor maintainer response,Adds Tree Ring Memory to Local Agents via entry YAML and generated README update in a strict no-cloud local-AI directory; duplicate PR code link YAML license activity and diff whitespace checks passed; PR is mergeable and reports no checks.
Pedram Awesome Local AI PR #7,3,submitted,yes,https://github.com/pedramnj/awesome-local-ai/pull/7,none,README.md,monitor maintainer response,Adds Tree Ring Memory to Agents in a local-AI directory; duplicate PR code link license activity and diff whitespace checks passed; PR is mergeable and reports no checks.
MaximPro Awesome Local AI Tools PR #2,3,submitted,yes,https://github.com/MaximPro/awesome-local-ai-tools/pull/2,none,docs/KNOWLEDGE-STORAGE.md,monitor maintainer response,Adds Tree Ring Memory to Knowledge Storage in a local-AI tools directory; duplicate PR code link table-shape license activity and diff whitespace checks passed; PR is mergeable and reports no checks.
Awesome Rust CLI lists,3,queued,depends,GitHub search,none,marketing/newsletter-pitches.md#directory-listing,identify active lists and open PRs,Use CLI and TUI angle.
Awesome Command Line Tools PR #2,3,submitted,yes,https://github.com/ad-si/awesome-command-line-tools/pull/2,none,readme.md,monitor maintainer response,Adds Tree Ring Memory to Shell Utilities.
Awesome Agent Memory PR #53,3,submitted,yes,https://github.com/TeleAI-UAGI/Awesome-Agent-Memory/pull/53,none,README.md,monitor maintainer response,Adds Tree Ring Memory to open-source Products in an agent-memory directory.
IAAR Awesome AI Memory PR #115,3,submitted,yes,https://github.com/IAAR-Shanghai/Awesome-AI-Memory/pull/115,none,README.md and README_cn.md,monitor maintainer response,Adds Tree Ring Memory to Systems and Open Sources in a large AI-memory knowledge base; PR is mergeable and reports no checks.
XiaomingX Awesome AI Memory PR #14,3,submitted,yes,https://github.com/XiaomingX/awesome-ai-memory/pull/14,none,README.md,monitor maintainer response,Adds Tree Ring Memory to Agentic & Local Tools in an AI-memory project directory; PR is mergeable and reports no checks.
Kyrolabs Awesome Agents PR #611,3,submitted,yes,https://github.com/kyrolabs/awesome-agents/pull/611,none,README.md,monitor maintainer response,Adds Tree Ring Memory to Knowledge Management beside other agent-memory tools; PR is mergeable and reports no checks.
Picrew Awesome Agent Harness PR #35,3,submitted,yes,https://github.com/Picrew/awesome-agent-harness/pull/35,none,data/projects.yaml and generated READMEs,monitor maintainer response,Adds Tree Ring Memory to Context and Working-State Engineering in an agent-harness engineering catalog; full verification passed and PR is mergeable.
Brandon Awesome AI Memory Systems PR #21,3,closed,yes,https://github.com/brandonhimpfen/awesome-ai-memory-systems/pull/21,none,README.md,revisit only after maturity adoption and acceptance-criteria evidence,Maintainer passed for now on 2026-07-07 citing fit as local developer utility and project maturity adoption maintenance history documentation and quality threshold.
Tfatykhov Awesome Agent Memory PR #12,3,submitted,yes,https://github.com/tfatykhov/awesome-agent-memory/pull/12,none,README.md,monitor maintainer response,Adds Tree Ring Memory as an active local-first implementation in Adjacent Research; PR is mergeable and reports no checks.
ZFancy Awesome Agent Memory PR #3,3,submitted,yes,https://github.com/ZFancy/awesome-agent-memory/pull/3,none,README.md,monitor maintainer response,Adds Tree Ring Memory under Implementations and tools in an agent-memory resource list; PR is mergeable and reports no checks.
Cxxz Awesome Agent Memory PR #15,3,submitted,yes,https://github.com/cxxz/awesome-agent-memory/pull/15,none,README.md,monitor maintainer response,Adds Tree Ring Memory to Standalone Libraries / Frameworks for Building Agent Memory Systems; GitGuardian passed and PR is mergeable.
Wfnuser Awesome Agent Memory PR #9,3,submitted,yes,https://github.com/wfnuser/Awesome-Agent-Memory/pull/9,none,README.md,monitor maintainer response,Adds Tree Ring Memory to Open-Source Projects & Frameworks; PR is mergeable and reports no checks.
Awesome Agentic Memory PR #2,3,submitted,yes,https://github.com/Anandesh-Sharma/awesome-agentic-memory/pull/2,none,README.md,monitor maintainer response,Adds Tree Ring Memory to Coding-agent and portable memory in a focused agentic memory map; README table duplicate link diff whitespace and CodeRabbit checks passed; PR is mergeable.
Aviskaar Awesome Agentic Memory PR #2,3,submitted,yes,https://github.com/aviskaar/awesome-agentic-memory/pull/2,none,README.md,monitor maintainer response,Adds Tree Ring Memory to Memory Frameworks and Libraries plus the comparison table; duplicate link table and diff whitespace checks passed; PR is mergeable and reports no checks.
Shaoxiang Awesome Agent Memory PR #2,3,submitted,yes,https://github.com/shaoxiang/awesome-agent-memory/pull/2,none,README.md and README_CN.md,monitor maintainer response,Adds Tree Ring Memory to Infrastructure and Databases in English and Chinese docs; duplicate link and diff whitespace checks passed; PR is mergeable and reports no checks.
Snseam Awesome Agent Memory PR #15,3,submitted,yes,https://github.com/Snseam/awesome-agent-memory/pull/15,none,products/tree-ring-memory.md and products/archives/tree-ring-memory-overview.md,monitor maintainer response,Adds Tree Ring Memory as a sourced product note with archive landscape architecture discovery log and Ymem relevance updates; targeted count frontmatter source link duplicate and diff whitespace checks passed; PR is mergeable and reports no checks.
Ross Awesome Agent Memory PR #2,3,submitted,yes,https://github.com/rossbuckley1990-hash/awesome-agent-memory/pull/2,none,README.md,monitor maintainer response,Adds Tree Ring Memory to deterministic / verifiable / local-first memory with an explicit non-workflow-induction boundary; duplicate link and diff whitespace checks passed; PR is mergeable and reports no checks.
Tsinghua Awesome Memory for Agents PR #24,3,submitted,yes,https://github.com/TsinghuaC3I/Awesome-Memory-for-Agents/pull/24,none,README.md,monitor maintainer response,Adds Tree Ring Memory to Product & Project in a memory-for-agents survey list; also repairs a pre-existing malformed table row; local diff whitespace and table column checks passed; PR is mergeable and reports no checks.
Topoteretes Awesome AI Memory,3,hold,yes,https://github.com/topoteretes/awesome-ai-memory,none,marketing/submission-ledger.csv,revisit if list accepts keyword or SQLite/FTS storage,Contribution rules require Storage to be Graph or Vector or Graph+Vector; Tree Ring uses project-scoped SQLite/FTS and should not be misclassified.
Awesome TUIs PR #751,3,submitted,yes,https://github.com/rothgar/awesome-tuis/pull/751,none,README.md,monitor check and maintainer response,Adds Tree Ring Memory to the Development section of a terminal UI directory.
Awesome Ratatui PR #361,3,submitted,yes,https://github.com/ratatui/awesome-ratatui/pull/361,none,README.md,monitor checks and maintainer response,Adds Tree Ring Memory to Apps / Development Tools in the Ratatui ecosystem list.
Awesome CLI Apps CSV PR #303,3,submitted,yes,https://github.com/toolleeo/awesome-cli-apps-in-a-csv/pull/303,none,data/apps.csv,monitor maintainer response,Adds Tree Ring Memory to the source CSV for a large CLI/TUI index.
Awesome CLI Agents PR #21,3,submitted,yes,https://github.com/phamquiluan/awesome-cli-agents/pull/21,none,README.md,monitor maintainer response,Adds Tree Ring Memory as a terminal AI-agent memory tool in a current Vim Neovim and terminal AI list; local diff whitespace passed and the crawler README parser recognizes the row; PR is mergeable and reports no checks.
Awesome OpenCode PR #501,3,submitted,yes,https://github.com/awesome-opencode/awesome-opencode/pull/501,none,data/projects/tree-ring-memory.yaml,monitor maintainer response,Adds Tree Ring Memory as a Project entry for local-first OpenCode-style agent-memory workflows; npm validate passed; README generation rendered the entry; PR is mergeable and reports no checks.
Awesome DevTools PR #299,3,submitted,yes,https://github.com/devtoolsd/awesome-devtools/pull/299,none,readme.md,monitor maintainer response,Adds Tree Ring Memory to AI Coding Tools in a developer-tool directory.
Awesome Coding Agents PR #12,3,merged,yes,https://github.com/kailiu42/awesome-coding-agents#cli-agent-helpers,none,README.md,monitor listing freshness and inbound traffic,Accepted and visible on default branch under CLI Agent Helpers; merged by kailiu42 at 2026-07-07T10:38:07Z.
Quome Awesome Coding Agents PR #12,3,submitted,yes,https://github.com/quome-cloud/awesome-coding-agents/pull/12,none,README.md,monitor maintainer response,Adds Tree Ring Memory to Tools & Frameworks as local-first memory lifecycle infrastructure for AI coding agents; duplicate search repo link and diff whitespace checks passed; PR is mergeable and reports no checks.
Brandon Awesome AI Coding Agents PR #36,3,closed,yes,https://github.com/brandonhimpfen/awesome-ai-coding-agents/pull/36,none,README.md,revisit only after maturity adoption and stronger foundational-infrastructure fit,Maintainer passed for now on 2026-07-07 citing section fit as core runtimes inference engines APIs and distributed execution systems plus project maturity adoption documentation maintenance and quality threshold.
Sahiti Awesome AI Coding Agents PR #3,3,submitted,yes,https://github.com/SahitiMulagada/awesome-ai-coding-agents/pull/3,none,README.md,monitor maintainer response,Adds Tree Ring Memory to Developer Tooling and the comparison table as local-first memory lifecycle tooling for AI coding agents; duplicate PR code link sorting and diff whitespace checks passed; PR is mergeable and reports no checks.
BradAGI Awesome CLI Coding Agents PR #187,3,submitted,yes,https://github.com/bradAGI/awesome-cli-coding-agents/pull/187,none,README.md,monitor maintainer response,Adds Tree Ring Memory to Agent infrastructure beside local memory/context tools; PR is mergeable and reports no checks; awesome-lint fails on existing repository-wide baseline.
Command Line Tools listing,3,merged,yes,https://github.com/linsa-io/command-line-tools#rust,none,readme.md,monitor upstream listing,Lists Tree Ring Memory under Rust CLI tools in a command-line directory.
Awesome AI Agents PR #382,3,submitted,yes,https://github.com/jim-schwoebel/awesome_ai_agents/pull/382,none,README.md,monitor maintainer response,Adds Tree Ring Memory to Tools in a broad AI-agent directory.
Thulas Awesome AI Agents PR #3,3,submitted,yes,https://github.com/thulas42/awesome-ai-agents/pull/3,none,README.md,monitor maintainer response,Adds Tree Ring Memory to RAG & Memory in a broad AI-agent frameworks/tools/resources list; duplicate link and diff whitespace checks passed; PR is mergeable and reports no checks.
Caramaschi Awesome AI Agents 2026 PR #418,3,submitted,yes,https://github.com/caramaschiHG/awesome-ai-agents-2026/pull/418,none,README.md,monitor maintainer response,Adds Tree Ring Memory to RAG and Knowledge Bases in a broad AI-agent directory; PR is mergeable and reports no checks.
Aruna Awesome AI Agents 2026 PR #142,3,submitted,yes,https://github.com/ARUNAGIRINATHAN-K/awesome-ai-agents-2026/pull/142,none,README.md,monitor maintainer response,Adds Tree Ring Memory to Memory and Context in a broad AI-agent directory; local awesome-lint GitGuardian and CodeRabbit passed; PR is mergeable.
Awesome LLM Agent Frameworks PR #282,3,submitted,yes,https://github.com/kaushikb11/awesome-llm-agents/pull/282,none,README.md,monitor maintainer response,Adds Tree Ring Memory as a local-first memory lifecycle framework in a current LLM-agent framework directory; PR is clean and reports no checks.
Awesome Harness Engineering PR #108,3,submitted,yes,https://github.com/ai-boost/awesome-harness-engineering/pull/108,none,README.md,monitor maintainer response,Adds Tree Ring Memory to Memory & State as an auditable lifecycle memory harness primitive; PR is clean and reports no checks.
Backblaze Awesome Agent Infrastructure PR #12,3,submitted,yes,https://github.com/backblaze-labs/awesome-agent-infrastructure/pull/12,none,entries.yaml,monitor maintainer response,Adds Tree Ring Memory to Memory and State via entries.yaml; YAML parsing duplicate checks link checks and diff whitespace passed; PR is mergeable and reports no checks.
Awesome LLM Tools PR #12,3,submitted,yes,https://github.com/dr-saad-la/awesome-llm-tools/pull/12,none,README.md,monitor maintainer response,Adds Tree Ring Memory to Memory & Persistence in a broad LLM tools directory; local format duplicate link and diff whitespace checks passed; PR is mergeable and reports no checks.
Schickling Awesome Local-First PR #39,3,submitted,yes,https://github.com/schickling/awesome-local-first/pull/39,none,README.md,monitor maintainer response,Adds Tree Ring Memory to Libraries in a local-first directory.
Awesome AI Coding Tools PR #514,3,submitted,yes,https://github.com/ai-for-developers/awesome-ai-coding-tools/pull/514,none,README.md,monitor maintainer response,Adds Tree Ring Memory to Developer Productivity Tools in an AI coding-tools directory.
LaunchApp Awesome AI Coding Tools PR #18,3,submitted,yes,https://github.com/launchapp-dev/awesome-ai-coding-tools/pull/18,none,README.md,monitor maintainer response,Adds Tree Ring Memory to Prompt and Context Engineering in an AI coding-tools directory; PR is mergeable and reports no checks; awesome-lint fails on existing repository-wide style baseline.
Furudo Awesome AI Coding Tools PR #10,3,submitted,yes,https://github.com/furudo-erika/awesome-ai-coding-tools/pull/10,none,README.md,monitor maintainer response,Adds Tree Ring Memory to Specialized & Niche Tools as local-first CLI/TUI infrastructure for AI coding-agent memory lifecycle work; duplicate link and diff whitespace checks passed; PR is mergeable and reports no checks.
Tomrzv Awesome AI Coding Tools PR #13,3,submitted,yes,https://github.com/tomrzv/Awesome-AI-Coding-Tools/pull/13,none,README.md,monitor maintainer response,Adds Tree Ring Memory to Code Search Context and Navigation as local-first memory lifecycle framework for AI coding agents; duplicate PR code link and diff whitespace checks passed; PR is mergeable and reports no checks.
Icloudeng Awesome AI Coding Tools PR #15,3,submitted,yes,https://github.com/Icloudeng/awesome-ai-coding-tools/pull/15,none,README.md and details/tree-ring-memory.md,monitor maintainer response,Adds Tree Ring Memory to AI Workflow Automation near memory context tooling with a details page and section count update; duplicate link detail-page and diff whitespace checks passed; PR is mergeable and reports no checks.
Ayush Awesome AI Developer Tools PR #7,3,submitted,yes,https://github.com/ayushrajdev9-cmyk/awesome-ai-developer-tools/pull/7,none,README.md,monitor maintainer response,Adds Tree Ring Memory to AI Agents and Frameworks as a local-first memory lifecycle framework for AI coding agents; duplicate PR code link table-shape and diff whitespace checks passed; PR is mergeable and reports no checks.
DevTools Pick Awesome AI Developer Tools PR #1,3,submitted,yes,https://github.com/devtools-pick/awesome-ai-developer-tools/pull/1,none,README.md,monitor maintainer response,Adds Tree Ring Memory to Free AI Tools as a free open-source local-first memory lifecycle framework for AI coding agents; duplicate PR code link table-shape and diff whitespace checks passed; PR is mergeable and reports no checks.
Transcenda Awesome Agentic Coding PR #7,3,submitted,yes,https://github.com/Transcenda/awesome-agentic-coding/pull/7,none,README.md,monitor maintainer response,Adds Tree Ring Memory to Agent instructions and Skills in a practical agentic-coding roadmap; npx awesome-lint passed and PR is mergeable with no checks reported.
Awesome AI DevTools PR #779,3,submitted,yes,https://github.com/jamesmurdza/awesome-ai-devtools/pull/779,none,README.md,monitor maintainer response,Adds Tree Ring Memory to Configuration & Context Management; corrected PR after template-only closure of #778.
Yeaight7 Awesome AI Devtools PR #14,3,merged,yes,https://github.com/yeaight7/awesome-ai-devtools#terminal-agents,none,data/tools.yml and generated README/docs,monitor listing freshness and inbound traffic,Accepted and visible on default branch under Terminal agents and recent additions; merged by yeaight7 at 2026-07-07T18:51:40Z.
Awesome AI Coding Assistants Playbook PR #11,3,submitted,yes,https://github.com/CodandoTV/awesome-ai-coding-assistants-playbook/pull/11,none,README.md and README.pt-br.md,monitor maintainer response,Adds Tree Ring Memory to Skills & Config in English and Portuguese docs.
Awesome LLM CLI Apps PR #4,3,submitted,yes,https://github.com/jsnyder/awesome-llm-cli-apps/pull/4,none,README.md,monitor maintainer response,Adds Tree Ring Memory to Developer Tools in an LLM-agent CLI directory.
Awesome Terminals AI PR #17,3,submitted,yes,https://github.com/BNLNPPS/awesome-terminals-ai/pull/17,none,README.md,monitor maintainer response,Adds Tree Ring Memory to a new Agent Memory and Context section in a terminal-AI tools directory; local awesome-lint passed and PR is mergeable with no checks reported.
Awesome Vibe Coding Resources PR #39,3,merged,yes,https://github.com/acvnace/awesome-vibe-coding-resources#command-line-tools,none,README.md,monitor listing freshness and inbound traffic,Accepted and visible on default branch under Command Line Tools; merged by acvnace at 2026-07-07T10:40:43Z.
Filipe Awesome Vibe Coding PR #249,3,submitted,yes,https://github.com/filipecalegario/awesome-vibe-coding/pull/249,none,README.md and translated mirrors,monitor maintainer response,Adds Tree Ring Memory to Command Line Tools across English and translated README mirrors.
AI-for-Developers Awesome Vibe Coding PR #99,3,submitted,yes,https://github.com/ai-for-developers/awesome-vibe-coding/pull/99,none,readme.md,monitor maintainer response,Adds Tree Ring Memory near memory-oriented CLI tools.
Taskade Awesome Vibe Coding PR #41,3,submitted,yes,https://github.com/taskade/awesome-vibe-coding/pull/41,none,README.md,monitor unstable PR and maintainer response,Adds Tree Ring Memory to AI Agent Memory and Context table; PR currently unstable with no exposed checks.
Awesome AI Coding Agent Tools PR #27,3,submitted,yes,https://github.com/namphuongtran/awesome-ai-coding-agent-tools/pull/27,none,README.md,monitor unstable PR and maintainer response,Adds Tree Ring Memory to Supporting Infrastructure / Memory; PR currently unstable with no exposed checks.
Mahseema Awesome AI Tools PR #1742,3,submitted,yes,https://github.com/mahseema/awesome-ai-tools/pull/1742,none,README.md,monitor maintainer response,Adds Tree Ring Memory to Developer tools in a broad AI-tools directory.
EUDK Awesome AI Tools PR #413,3,submitted,yes,https://github.com/eudk/awesome-ai-tools/pull/413,none,README.md,monitor maintainer response,Adds Tree Ring Memory to AI Agent Tools in a broad AI-tools directory.
Toolkitly Awesome AI Tools PR #57,3,submitted,yes,https://github.com/ToolkitlyAI/awesome-ai-tools/pull/57,none,Category/AI_Agent.md,monitor maintainer response,Adds Tree Ring Memory to AI Agent Tools in a broad AI-tools directory; description length landing-page HTTP and diff whitespace checks passed; PR is mergeable and reports no checks.
Milisp Awesome Codex CLI PR #63,3,closed,yes,https://github.com/milisp/awesome-codex-cli/pull/63,none,README.md,ask maintainer for expected URL-description format before resubmitting,Closed by owner on 2026-07-07 with wrong url format description feedback; do not resubmit until expected row style is clarified.
Milisp Awesome Codex CLI PR #64,3,submitted,yes,https://github.com/milisp/awesome-codex-cli/pull/64,none,README.md,monitor maintainer response to corrected replacement PR,Replacement for closed #63 with public website URL and shorter description matching Development Tools style; PR is open mergeable and has no checks.
Composio Awesome Codex Skills PR #163,3,submitted,yes,https://github.com/ComposioHQ/awesome-codex-skills/pull/163,none,tree-ring-memory/SKILL.md and README.md,monitor maintainer response,Adds Tree Ring Memory as a compact Codex skill for local-first memory lifecycle work; metadata README entry ASCII diff whitespace and Socket Security checks passed; PR is mergeable.
JQueryScript Awesome Claude Code PR #483,3,submitted,yes,https://github.com/jqueryscript/awesome-claude-code/pull/483,none,README.md,monitor maintainer response,Adds Tree Ring Memory to Tools & Utilities in a broad Claude Code directory.
LangGPT Awesome Claude Code PR #115,3,submitted,yes,https://github.com/LangGPT/awesome-claude-code/pull/115,none,README.md and README-CN.md,monitor maintainer response,Adds Tree Ring Memory to Development Tools and Utilities across English and Chinese docs; PR is mergeable and reports no checks; README link check fails on an existing upstream 404.
Rohitg00 Claude Code Toolkit PR #625,3,submitted,yes,https://github.com/rohitg00/awesome-claude-code-toolkit/pull/625,none,README.md,monitor maintainer response,Adds Tree Ring Memory to Ecosystem in a high-visibility Claude Code toolkit directory; PR is mergeable and CodeRabbit passed; awesome-lint fails on existing repository-wide baseline.
Jvidal86 Awesome Claude Code Memory PR #3,3,submitted,yes,https://github.com/jvidal86/awesome-claude-code-memory/pull/3,none,README.md,monitor maintainer response,Adds Tree Ring Memory to Advanced and Novel Approaches in a Claude Code memory directory; PR is mergeable and reports no checks; markdown link check fails on an existing upstream 404.
RoggeOhta Awesome Codex CLI PR #132,3,submitted,yes,https://github.com/RoggeOhta/awesome-codex-cli/pull/132,none,README.md,monitor stricter Codex-specific maintainer response,Adds Tree Ring Memory to Specialized Skills with Codex-style skill bridge guidance.
Heilcheng Awesome Agent Skills PR #331,3,submitted,yes,https://github.com/heilcheng/awesome-agent-skills/pull/331,none,README.md,monitor Vercel authorization failure and maintainer response,Adds Tree Ring Memory to Context Engineering in a large agent-skill directory; Vercel preview requires project authorization.
Kodus Awesome Agent Skills PR #51,3,submitted,yes,https://github.com/kodustech/awesome-agent-skills/pull/51,none,README.md,monitor maintainer response,Adds Tree Ring Memory to Tooling in a software-engineering agent-skill directory.
Skillmatic Awesome Agent Skills PR #126,3,submitted,yes,https://github.com/skillmatic-ai/awesome-agent-skills/pull/126,none,README.md,monitor maintainer response,Adds Tree Ring Memory as a developer-tool resource in an Agent Skills directory.
Libukai Awesome Agent Skills PR #96,3,submitted,yes,https://github.com/libukai/awesome-agent-skills/pull/96,none,README.md and docs/README_EN.md and docs/README_JA.md,monitor maintainer response,Adds Tree Ring Memory to Programming and Development across Chinese English and Japanese README mirrors; PR is mergeable and reports no checks.
VoltAgent Awesome Agent Skills,3,hold,yes,https://github.com/VoltAgent/awesome-agent-skills,none,marketing/submission-ledger.csv,revisit after community adoption grows,Contribution rules focus on proven community-adopted skills and short descriptions.
JackyST0 Awesome Agent Skills,3,hold,yes,https://github.com/JackyST0/awesome-agent-skills,none,marketing/submission-ledger.csv,revisit after Tree Ring clears community star threshold,Contribution rules require community projects to have at least 64 GitHub stars by default.
Travisvn Awesome Claude Skills,3,hold,yes,https://github.com/travisvn/awesome-claude-skills,none,marketing/submission-ledger.csv,revisit only after community adoption and owner-authored submission,Contribution rules require 10 stars and prohibit explicitly AI-assisted submissions; Tree Ring had 2 stars when checked on 2026-07-07.
Philipbankier Awesome Agent Skills,3,hold,yes,https://github.com/philipbankier/awesome-agent-skills,none,marketing/submission-ledger.csv,revisit after Tree Ring clears community star threshold,Contribution rules require at least 10 GitHub stars or official-source status; Tree Ring had 2 stars when checked on 2026-07-07.
Yyyujintang Awesome Agent Memory Papers,3,hold,yes,https://github.com/yyyujintang/Awesome-Agent-Memory-Papers,none,marketing/submission-ledger.csv,revisit if Tree Ring has a paper citation,Paper-only repository; Tree Ring is an implementation without a paper citation.
Revectores Awesome LLM Memory,3,hold,yes,https://github.com/revectores/awesome-llm-memory,none,marketing/submission-ledger.csv,revisit if Tree Ring has a paper citation,Paper-only repository; Tree Ring is an implementation without a paper citation.
Not-a-skid Awesome Agent Memory,3,hold,yes,https://github.com/not-a-skid/Awesome-Agent-Memory,none,marketing/submission-ledger.csv,do not submit unless repo becomes a normal curated list,Repository is centered on downloadable zip assets rather than a normal curated list; avoid routing traffic there.
AstreoX Awesome Agent Tools,3,hold,yes,https://github.com/AstreoX/awesome-agent-tools,none,marketing/submission-ledger.csv,revisit after Tree Ring clears community star threshold,Contribution rules require at least 50 GitHub stars for open-source projects; Tree Ring had 2 stars when checked on 2026-07-07.
AFunLS Awesome AI Agent Tools,3,hold,yes,https://github.com/AFunLS/awesome-ai-agent-tools,none,marketing/submission-ledger.csv,revisit after Tree Ring clears community adoption threshold,Contribution rules discourage personal projects without community adoption; Tree Ring had 2 stars when checked on 2026-07-07.
Prat011 Awesome LLM Skills PR #169,3,submitted,yes,https://github.com/Prat011/awesome-llm-skills/pull/169,none,tree-ring-memory/SKILL.md,monitor maintainer response,Adds Tree Ring Memory as a hosted skill folder and Development & Code Tools README entry; GitGuardian check passed and PR is clean.
Composio Awesome Agent CLIs PR #19,3,submitted,yes,https://github.com/ComposioHQ/awesome-agent-clis/pull/19,none,README.md and tree-ring-memory-cli/SKILL.md,monitor maintainer response,Adds Tree Ring Memory under Memory & Context with agent-ready skill instructions; Socket checks passed and PR is clean.
Ariestar Awesome Agent CLI PR #5,3,submitted,yes,https://github.com/Ariestar/awesome-agent-cli/pull/5,none,data/tools/tree-ring.yaml and README.md,monitor maintainer response,Adds Tree Ring Memory as high-risk agent-context CLI tooling with regenerated README; PR is mergeable and reports no checks.
Shuyhere Awesome Agent CLI PR #6,3,submitted,yes,https://github.com/shuyhere/awesome-agent-cli/pull/6,none,README.md,monitor maintainer response,Adds Tree Ring Memory to Developer Tools in an agent-ready CLI catalog; PR is mergeable and reports no checks.
Awakehsh Awesome Agent Tools PR #7,3,submitted,yes,https://github.com/Awakehsh/awesome-agent-tools/pull/7,none,skills/tree-ring-memory/SKILL.md and README.md,monitor maintainer response,Adds Tree Ring Memory as an installable lifecycle-memory skill in a cross-platform agent-tools marketplace; frontmatter touched-file and diff whitespace checks passed; PR is mergeable and reports no checks.
Sudabg Awesome Agent Tools PR #3,3,submitted,yes,https://github.com/sudabg/awesome-agent-tools/pull/3,none,readme.md,monitor maintainer response,Adds Tree Ring Memory to 记忆系统 in a Chinese AI-agent tools list; duplicate PR code local CLI smoke link and diff whitespace checks passed; PR is mergeable and reports no checks.
AgenTool Rank Awesome AI Agent Tools issue #6,3,submitted,yes,https://github.com/agent-gigmole/awesome-ai-agent-tools/issues/6,none,GitHub issue,monitor maintainer response,Submitted Tree Ring Memory for the Memory & Knowledge category in a data-driven AI-agent tools dataset; duplicate issue PR code link license and activity checks passed.
Fomos Awesome AI Memory issue #1,3,submitted,yes,https://github.com/fomos-openai/awesome-ai-memory/issues/1,none,GitHub issue,monitor maintainer curation,Submitted Tree Ring Memory as a transparent watchlist candidate for a scored agent-memory project index; duplicate issue code link license and scope checks passed.
Composio Awesome Claude Skills PR #1252,3,submitted,yes,https://github.com/ComposioHQ/awesome-claude-skills/pull/1252,none,README.md,monitor maintainer review,Adds Tree Ring Memory to Development & Code Tools; validator passed and ready-to-merge label applied.
BehiSecc Awesome Claude Skills PR #432,3,submitted,yes,https://github.com/BehiSecc/awesome-claude-skills/pull/432,none,README.md,monitor maintainer response,Adds Tree Ring Memory to Learning and Knowledge in a large Claude Skills directory; PR is mergeable and reports no checks.
Zo Computer Skills PR #105,3,submitted,yes,https://github.com/zocomputer/skills/pull/105,none,Community/tree-ring-memory/SKILL.md and DISPLAY.json,monitor maintainer response,Adds Tree Ring Memory as a Community skill with display metadata; local validation passed; GitHub reports no PR checks yet.
Awesome Open Source AI PR #14,3,submitted,yes,https://github.com/suncloudsmoon/awesome-open-source-ai/pull/14,none,README.md,monitor maintainer response,Adds Tree Ring Memory to Tools in an open-source AI resource list; PR is mergeable and reports no checks.
Awesome AI Agent Tools PR #5,3,submitted,yes,https://github.com/michielhdoteth/awesome-ai-agent-tools/pull/5,none,tools/catalog.json and README.md,monitor maintainer response,Adds Tree Ring Memory to the Tools catalog under a new Agent Memory category; PR is mergeable and reports no checks.
Nipuna Awesome AI Agents PR #153,3,submitted,yes,https://github.com/NipunaRanasinghe/awesome-ai-agents/pull/153,none,README.md,monitor maintainer response,Adds Tree Ring Memory to Agent Operations / Memory in a curated AI-agent directory; local awesome-lint and GitGuardian passed; PR is mergeable.
Awesome Agent Cortex PR #32,3,submitted,yes,https://github.com/0xNyk/awesome-agent-cortex/pull/32,none,README.md,monitor maintainer response,Adds Tree Ring Memory to Knowledge Graphs and Memory in a current agent-infrastructure directory; alpha internal-link new-link and diff whitespace checks passed; PR is mergeable and reports no checks.
Jenqyang Awesome AI Agents PR #358,3,submitted,yes,https://github.com/Jenqyang/Awesome-AI-Agents/pull/358,none,README.md,monitor maintainer response,Adds Tree Ring Memory to Applications / Tools in a broad AI-agent directory; duplicate search repo link badge link and diff whitespace checks passed; PR is mergeable and reports no checks.
Slava Awesome AI Agents PR #338,3,submitted,yes,https://github.com/slavakurilyak/awesome-ai-agents/pull/338,none,awesome-agents.yaml and awesome-agents.json and README.md,monitor maintainer response,Adds Tree Ring Memory to Long-Term Memory in a broad agentic AI resources list; YAML JSON README validation duplicate link and diff whitespace checks passed; PR is mergeable and reports no checks.
GitHub Awesome Copilot skill PR #2235,3,submitted,yes,https://github.com/github/awesome-copilot/pull/2235,none,skills/tree-ring-memory/SKILL.md and docs/README.skills.md,monitor maintainer review,Adds Tree Ring Memory as an installable GitHub Copilot skill; local skill validation Vally lint generated docs build diff whitespace risk scan README line ending spelling and skill checks passed; duplicate-check agent job refuses fork checkout because maintainer write permission is required.
HesReallyHim Awesome Claude Code,3,ready,yes,https://github.com/hesreallyhim/awesome-claude-code/issues/new?template=recommend-resource.yml,none,marketing/account-setup.md,submit recommendation manually in the web issue form if owner wants to pursue,Repository rules forbid PR/CLI resource recommendations and require the web issue form.
Awesome Local-First PR #42,3,submitted,yes,https://github.com/alexanderop/awesome-local-first/pull/42,none,README.md,monitor maintainer response,Adds Tree Ring Memory to Frameworks & Platforms.
OpenShelf,3,hold,no,https://openshelf.dev/submit,none,marketing/submission-ledger.csv,retry public API or contact maintainer after endpoint recovers,POST /api/submit retry on 2026-07-07 returned Server configuration error and API search returned Next 404; no existing listing found for Tree Ring Memory or TerminallyLazy.
Rust Unofficial Awesome Rust,3,hold,yes,https://github.com/rust-unofficial/awesome-rust,none,marketing/submission-ledger.csv,revisit after stars or crates downloads clear threshold,Contribution rules require more than 50 stars or more than 2000 crates.io downloads; Tree Ring had 2 stars and crates were not published when checked.
Agarrharr Awesome CLI Apps,3,hold,yes,https://github.com/agarrharr/awesome-cli-apps,none,marketing/submission-ledger.csv,do not create issue or PR unless repository instructions change,Repository-local AGENTS.md explicitly forbids creating issues or PRs.
ColinEberhardt Awesome AI Developer Tools,3,hold,yes,https://github.com/ColinEberhardt/awesome-ai-developer-tools,none,marketing/submission-ledger.csv,revisit after Tree Ring has mature adoption evidence,Repository scope is explicitly more mature AI tools; Tree Ring is still a launch-preview project.
AgentMemoryWorld Awesome Agent Memory,3,hold,yes,https://github.com/AgentMemoryWorld/Awesome-Agent-Memory,none,marketing/submission-ledger.csv,revisit if Tree Ring has a paper or the repo adds a tools/resources section,Repository is a survey companion and paper list; Tree Ring does not have a paper citation to add.
OpenDataBox Awesome Agent Memory,3,hold,yes,https://github.com/OpenDataBox/awesome-agent-memory,none,marketing/submission-ledger.csv,revisit if Tree Ring has a paper or benchmark entry that matches the format,Repository is formatted around papers methods and benchmarks with publication metadata; Tree Ring is a tool release without a paper.
Supersynergy Awesome Local AI Agents,3,hold,yes,https://github.com/Supersynergy/awesome-local-ai-agents,none,marketing/submission-ledger.csv,revisit after stars or usage evidence clears threshold,Contribution rules require at least 500 GitHub stars or significant usage for frameworks and tools; Tree Ring had 2 stars when checked on 2026-07-07.
MaximPro Awesome Local AI Agents,3,hold,yes,https://github.com/MaximPro/awesome-local-ai-agents,none,marketing/submission-ledger.csv,revisit after stars or usage evidence clears threshold,Contribution rules require at least 500 GitHub stars or significant usage for frameworks and tools; Tree Ring had 2 stars when checked on 2026-07-07.
Terminal Trove,3,submitted,yes,https://terminaltrove.com/post/,marketing/assets/terminal-trove-preview-1200x675.png,marketing/terminal-trove-submission.md,monitor curator response and listing,Submission email sent to curator@terminaltrove.com with preview attachment; await curator response or listing.
console.dev,3,submitted,yes,https://console.dev/selection-criteria,marketing/assets/open-graph-1200x675.png,marketing/console-dev-submission.md,monitor editor response and newsletter/site inclusion,Submission email sent to hello@console.dev with launch card attached; await editor response or inclusion.
DevPages,3,submitted,yes,https://devpages.io/submit-a-tool,marketing/assets/open-graph-1200x675.png,marketing/devpages-submission.md,monitor review response and public listing,Submission email sent to contact@devpages.io with launch card attached after the public form was found to only show a local thank-you state.
Agentic.ai,3,submitted,yes,https://agentic.ai/submit,marketing/assets/open-graph-1200x675.png,marketing/agentic-ai-submission.md,monitor review response and public listing,Submission email sent to hello@agentic.ai with launch card attached and explicit infrastructure-fit caveat.
Developers Digest,3,submitted,yes,https://www.developersdigest.tech/tools,marketing/assets/open-graph-1200x675.png,marketing/developers-digest-submission.md,monitor review response and directory listing,Submission email sent to developers.digest.ai@gmail.com with launch card attached; await review response or listing.
AI Agents Directory,3,submitted,yes,https://aiagentsdirectory.com/submit-agent,marketing/assets/open-graph-1200x675.png,marketing/ai-agents-directory-submission.md,monitor review response and directory listing,Submission email sent to hello@aiagentsdirectory.com with launch card attached and explicit infrastructure-fit caveat.
AISuperHub,3,submitted,no,https://www.aisuperhub.io/ai-tools/submit/free,none,marketing/aisuperhub-submission.md,monitor review response and listing,Free submission accepted with HTTP 201 and toolId hHS6jZnWHgEOjdqRYUcv; review queue can take 90+ days.
llms.txt Hub PR #1306,3,merged,yes,https://github.com/thedaviddias/llms-txt-hub/pull/1306,none,packages/content/data/websites/tree-ring-memory-llms-txt.mdx,monitor generated data follow-up and public listing refresh,Adds Tree Ring Memory as a developer-tools llms.txt implementation; targeted frontmatter landing-page HTTP llms.txt HTTP and diff whitespace checks passed; intake triage and CodeRabbit passed and PR was merged by thedaviddias with final labels area:content lane:mdx-fast needs:manual-review risk:low.
Stork AI directory,3,hold,yes,https://www.stork.ai/submit-ai-tool-free,none,marketing/submission-ledger.csv,revisit if owner approves public badge/link or paid listing,Free listing requires normal Stork badge/link on public site; otherwise one-time checkout is required.
OpenTools,3,hold,yes,https://opentools.ai/submit,none,marketing/submission-ledger.csv,revisit from owner-controlled Google account session,Submit page requires Google sign-in; no submission made.
Discord community,4,hold,yes,https://discord.com/,marketing/assets/social-square-logo-1080x1080.png,marketing/account-setup.md#discord,create only when moderation capacity exists,Do not invite secrets or transcript dumps.
